{
  "project_info": {
    "project_number": "59591178112",
    "firebase_url": "https://blackchat-e2408.firebaseio.com",
    "project_id": "blackchat-e2408",
    "storage_bucket": "blackchat-e2408.appspot.com"
  },
  "client": [
    {
      "client_info": {
        "mobilesdk_app_id": "1:59591178112:android:5e3ac2d57c8b6eaa",
        "android_client_info": {
          "package_name": "com.example.blackchat"
        }
      },
      "oauth_client": [
        {
          "client_id": "59591178112-4jmu04bbkci50odp1pu6ioaud5ep62v0.apps.googleusercontent.com",
          "client_type": 1,
          "android_info": {
            "package_name": "com.example.blackchat",
            "certificate_hash": "bb4e1d60401d71ec0846c35204616be69a94f8a5"
          }
        }
      ],
      "api_key": [
        {
          "current_key": "AIzaSyAcD5ea6_8jsp9mCeUrM1lr0bXBC_2MuJo"
        }
      ],
      "services": {
        "appinvite_service": {
          "other_platform_oauth_client": [
            {
              "client_id": "59591178112-no2qhi8uon6c8ra106ulqlsok1h0l9bs.apps.googleusercontent.com",
              "client_type": 3
            }
          ]
        }
      }
    }
  ],
  "configuration_version": "1"
}